request_id,prompt_id,success,end_to_end_latency_s
09_32_0.5_red-0000,lmsys-fa54a8209ae4411b8f492467ce1a88e5,true,1.2146539690438658
09_32_0.5_red-0001,lmsys-a1648216aaf542cabf317aba71504ca5,true,2.813470537687521
09_32_0.5_red-0002,lmsys-30a7c749d9984fe3b1622ce62349c7b9,true,2.7452110378373855
09_32_0.5_red-0003,lmsys-8e6d30b0335f42ab94cdd2d7062bd8e6,true,1.1843171186439116
09_32_0.5_red-0004,lmsys-e42ca0d361954cbca536fbc016320467,true,1.9000878543254185
09_32_0.5_red-0005,lmsys-728528dcc6e14a6bb67813e08d8dce1e,true,1.7432894182875733
09_32_0.5_red-0006,lmsys-c13fa2b87d604780a9a627f0d688cf8b,true,1.6131407107276967
09_32_0.5_red-0007,lmsys-1e9414a368f9491889a706cae486ae1e,true,1.186523716644766
09_32_0.5_red-0008,lmsys-ff6805a998a34ac38638b9da3058e013,true,1.1974126006545056
09_32_0.5_red-0009,lmsys-e834c89d4cd44141840d09af86779fb7,true,1.1909745339179523
09_32_0.5_red-0010,lmsys-a9c6a85cc05b4c2590890c175acc9fdc,true,1.1873071712657506
09_32_0.5_red-0011,lmsys-74f92f99b6784812986c691f10f88470,true,1.193038357807378
09_32_0.5_red-0012,lmsys-9bcd011cbee5495bbffa21a45cfb91f0,true,2.694260854246366
09_32_0.5_red-0013,lmsys-5ea9e86abf4f4ef4badec2100d4a4e4c,true,2.404758622635832
09_32_0.5_red-0014,lmsys-d6a9ee2b1c1a410f96629c54a2940a1f,true,5.63961116042427
09_32_0.5_red-0015,lmsys-125606bdf52d4d6aaf3d301358487ff2,true,3.9486133787737927
09_32_0.5_red-0016,lmsys-923ece35b6eb43db8c148c179c6fe5e6,true,3.933436653184529
09_32_0.5_red-0017,lmsys-a4da4d0099034d9cb56a0de3750b0bb0,true,6.7324008972472775
09_32_0.5_red-0018,lmsys-49bf75ff75b94d9ea8b84c255c872f8b,true,5.781771608844739
09_32_0.5_red-0019,lmsys-5d3da2dfba3e45f0987d294550c18c7b,true,5.216805861828259
09_32_0.5_red-0020,lmsys-33ac496e21cc4033bfdad19ae42909a2,true,4.95793567027906
09_32_0.5_red-0021,lmsys-c6f90f21a126417c9e021cb8af020a0f,true,7.764862956470704
09_32_0.5_red-0022,lmsys-2c87f6ef8ded4aefb3b91d94772259f7,true,4.194226503405204
09_32_0.5_red-0023,lmsys-2b2e4782bb4241f894a8b8beaf8f54a0,true,4.136837543816192
09_32_0.5_red-0024,lmsys-02fdbb82e02c49059fbdd73162bf8d1d,true,8.607132416895475
09_32_0.5_red-0025,lmsys-02db466f6bcb44a0a7d62b6f51b93b38,true,7.948180970120198
09_32_0.5_red-0026,lmsys-bd6c8726c01d4757832782b7511b6e05,true,7.32515722020441
09_32_0.5_red-0027,lmsys-ddb6bab5ec78496eae12d0ba88e3faa3,true,7.230843105926034
09_32_0.5_red-0028,lmsys-413af8c46103491ab1ec8bdd1018d8df,true,6.415028695652914
09_32_0.5_red-0029,lmsys-7ca1c90b6b2043e89ed14c37eee23298,true,9.246583431700508
09_32_0.5_red-0030,lmsys-ebeb72a8d2c0491ab14e36ba844cd537,true,8.431768611791917
09_32_0.5_red-0031,lmsys-227f46bdfcce4c52a984440eb13614ac,true,8.400357683355352
09_32_0.5_red-0032,lmsys-6989ba9fce9440438a86a831d332cb23,true,7.083905567167179
09_32_0.5_red-0033,lmsys-48580a6806994af9833525482fd91dfd,true,6.303366405912655
09_32_0.5_red-0034,lmsys-6dfd7a75aa924f51bbd0e39899add76a,true,4.560319831034882
09_32_0.5_red-0035,lmsys-4d22c1d83d6840049f3e6e8adf32817c,true,1.4661780826645767
09_32_0.5_red-0036,lmsys-ed0507e8bb944f71b237eafe775f96e4,true,1.1850014693997508
09_32_0.5_red-0037,lmsys-3cd6d79623a8409c98fc8b4e8a4c6e5d,true,1.1882603609859572
09_32_0.5_red-0038,lmsys-9fd5821e44b24db18f2d93855ac6086a,true,1.1888519357981409
09_32_0.5_red-0039,lmsys-b815b40b5f6c46e7bd55a3cc321e2e59,true,1.1931922585626396
09_32_0.5_red-0040,lmsys-223aea4dce48412c8c8613311d3dcf4d,true,1.7158300752137094
09_32_0.5_red-0041,lmsys-2ee598d825bf42708152c1611a1e97c7,true,1.184393368774721
09_32_0.5_red-0042,lmsys-fc85901093ff4d848bf179958ae6f30e,true,1.1864192587489129
09_32_0.5_red-0043,lmsys-dbaa0660179b4d229f30c91e2474c8b6,true,2.0624933515017005
09_32_0.5_red-0044,lmsys-d7cbc9f6868945bab140eb6ad5aca8a4,true,1.1878215698594374
09_32_0.5_red-0045,lmsys-c6f8de5fa4b94bb5b5e9a0328bcd7895,true,1.1827553722010862
09_32_0.5_red-0046,lmsys-cbf8100774dd4e16bc4f8e8aa39fd9c2,true,3.121224978711581
09_32_0.5_red-0047,lmsys-6f03b3834891431997c17ee0943601b3,true,2.6840286508331843
09_32_0.5_red-0048,lmsys-2d69d68f8b3549cb8a11c515e65e2fb7,true,1.194863339222195
09_32_0.5_red-0049,lmsys-9155da92c5da4999abad5c7f68a9dfe5,true,4.547883843752757
09_32_0.5_red-0050,lmsys-3f716edb0cd247b2b2c45a69a6dfd84d,true,4.457268825390102
09_32_0.5_red-0051,lmsys-4ea5a91562bd4da88e11a8db6f75c095,true,3.7186453805848174
09_32_0.5_red-0052,lmsys-5f064634b891470cb495cabe9737766c,true,6.47097567762448
09_32_0.5_red-0053,lmsys-9169dac428964e81825d4cb9214f5b12,true,5.081368616478741
09_32_0.5_red-0054,lmsys-65c2a7c17ca4464b9df0689d64c0b724,true,4.667716690011943
09_32_0.5_red-0055,lmsys-b7bfbf1cec9a49899de27f75133eebcf,true,2.5719196684640764
09_32_0.5_red-0056,lmsys-af2ac33bd45c4b31bf97d54ae6de9c17,true,1.774567538452871
09_32_0.5_red-0057,lmsys-e64982bc46e4480d9c74cf6ecac17442,true,3.089287464026185
09_32_0.5_red-0058,lmsys-0f045f93c2d94c709dbdff33a0d02199,true,2.444472109250043
09_32_0.5_red-0059,lmsys-52c5ad38bc6b4c6cb47158497321fbff,true,1.1944005503196138
09_32_0.5_red-0060,lmsys-122b91091718485493c23126e9ee9133,true,1.1967562417556792
09_32_0.5_red-0061,lmsys-bba5b87a4b274a718869650f050dfc65,true,1.1861533414236192
09_32_0.5_red-0062,lmsys-6a5b172ba7fa4ac7979f58b4822d7c63,true,1.1978858397900467
09_32_0.5_red-0063,lmsys-83ffbbcec08a40f292e9af951ff9a24c,true,1.1966951772574816
09_32_0.5_red-0064,lmsys-14358bab9fb946bf8193e11777e29135,true,1.2025881190727858
09_32_0.5_red-0065,lmsys-aab1a3eb1ddb4ed4b0ed05be581313ef,true,1.1833397379420205
09_32_0.5_red-0066,lmsys-a35d9cd594b24fbfaa2f8d0559bb9af8,true,1.9579666334578718
09_32_0.5_red-0067,lmsys-30876e2aad4f4140be6c204777bf917e,true,1.181074333212976
09_32_0.5_red-0068,lmsys-4e5e79cf3359419aab7bca716c88b89f,true,1.9067283523147012
09_32_0.5_red-0069,lmsys-da497a4edc7144139fb7ca06dd769347,true,3.4926030921015325
09_32_0.5_red-0070,lmsys-7e60e20e073449a08bd44a10447b1a5c,true,2.5893406316386773
09_32_0.5_red-0071,lmsys-abc6dfb57f494ece94193b70aafa2e38,true,2.106323266293117
09_32_0.5_red-0072,lmsys-db922ddc727741b68e2997b9f0809c05,true,1.8543556385254618
09_32_0.5_red-0073,lmsys-6462f12cc6c64d66aa2dcae61d6ec7c2,true,1.1935087050820528
09_32_0.5_red-0074,lmsys-55a13107ef3b43b4a1a7a12b33bbb23a,true,1.1955282736554693
09_32_0.5_red-0075,lmsys-61fa430ea15b4bc6b085264891680445,true,2.7507611340801645
09_32_0.5_red-0076,lmsys-8f985dafcde643d4adfb0067f41366e2,true,2.582991700478061
09_32_0.5_red-0077,lmsys-64cf0a1fb8d842f58ca42d06a5a7bc3a,true,1.1887249651884702
09_32_0.5_red-0078,lmsys-f390908e28b34cd09151016aefec03e3,true,1.1926457782153648
09_32_0.5_red-0079,lmsys-83d4f350f2ec4348a9626d53b6768ed4,true,1.1825991497183566
09_32_0.5_red-0080,lmsys-1808a2a2239a49e18726d71017cea017,true,3.024915583476968
09_32_0.5_red-0081,lmsys-b4709b83aea44ae28ea89412332a68a9,true,2.741653221926782
09_32_0.5_red-0082,lmsys-3b07c84541e0439faa0a1a40f3886523,true,3.4388205748880694
09_32_0.5_red-0083,lmsys-ba58f70a5da345d28ed9c99eb766fadf,true,1.186512582380061
09_32_0.5_red-0084,lmsys-f57d2a7660354e36a26648399c0379fd,true,1.2934619524254458
09_32_0.5_red-0085,lmsys-51c50cd2e21445ed960643070c882831,true,1.1916517623747893
09_32_0.5_red-0086,lmsys-1720fe4d2aa6405582675d9acd2309a0,true,1.1960092849234627
09_32_0.5_red-0087,lmsys-04a630d0d449479fad92e728e65b78db,true,1.181978902214155
09_32_0.5_red-0088,lmsys-78b6b1be3a2f41ceb2eaae809290cd49,true,2.139987527690721
09_32_0.5_red-0089,lmsys-2fc8e88745ad4470922e1ceeea62cbb5,true,1.192506584386706
09_32_0.5_red-0090,lmsys-6b616212f0d64ef998a10b148e8a198b,true,2.0937798786358712
09_32_0.5_red-0091,lmsys-d66b330ac6b743d09b19e4d447c1859a,true,1.1868461157207548
09_32_0.5_red-0092,lmsys-85933200313c485aa856c0ddc365bcd6,true,1.190025885545424
09_32_0.5_red-0093,lmsys-46e2e992a2b0483d877cae327b2a01bb,true,1.200191360007608
09_32_0.5_red-0094,lmsys-935657abb4184782b9731b7b42998602,true,1.470614590696698
09_32_0.5_red-0095,lmsys-44fb26b663d342188859764277416b84,true,1.1901947917135942
09_32_0.5_red-0096,lmsys-309e0ecae5654a07a87d66369ae542b8,true,3.1520354893246747
09_32_0.5_red-0097,lmsys-3889d68ce8ad40cf8180822bee4e9afe,true,2.79116251240157
09_32_0.5_red-0098,lmsys-707f36800e594604aabbf0308258bbfa,true,1.180956847510572
09_32_0.5_red-0099,lmsys-91be88fa86724aef8e1b35d08bbb146d,true,1.1951030741952593
09_32_0.5_red-0100,lmsys-78a8d57153924c9191dea4e5a22015b9,true,1.1879846008151276
09_32_0.5_red-0101,lmsys-b157b2adca0a48d28e2abf2afe6c218f,true,1.192271434780622
09_32_0.5_red-0102,lmsys-be43e36e1ddc4857b8922d0217879395,true,2.0014572808674416
09_32_0.5_red-0103,lmsys-89905ae623244194b0fb77ef45fd1b42,true,2.0166858957571208
09_32_0.5_red-0104,lmsys-5a8711c04ab14b988aebf74cd5f6346c,true,1.188359886736606
09_32_0.5_red-0105,lmsys-047a3083ae9d4132b7ac528d0252c282,true,1.191625724392452
09_32_0.5_red-0106,lmsys-83942e7fdb644e1595679e2bfce4c811,true,1.1957168803646425
09_32_0.5_red-0107,lmsys-9cf36f5ec75d40e7888afb662de279c5,true,3.3813777038660646
09_32_0.5_red-0108,lmsys-75f89aaf9cec44509ba54780712d025e,true,3.0949811962261435
09_32_0.5_red-0109,lmsys-900228c238474d05a86410dee60d1d5b,true,5.391879176070148
09_32_0.5_red-0110,lmsys-2fdcab1c16ff47ab88fe16646a43f030,true,4.3080447870675584
09_32_0.5_red-0111,lmsys-dcd1605940d3438196e639ef2731b34c,true,4.281471904106525
09_32_0.5_red-0112,lmsys-dc90ee279b8f4330aab757ff92694cc0,true,3.8993156434262914
09_32_0.5_red-0113,lmsys-5ec1fc20f93c4ab293c773e7764d1fda,true,1.1915077435660066
09_32_0.5_red-0114,lmsys-043ca52441f34a9db318588d81c3b1fa,true,1.011889952343381
09_32_0.5_red-0115,lmsys-dcc350f9112e41b3a56624e9ef624b64,true,1.0304165088979858
09_32_0.5_red-0116,lmsys-75b8679b8d3b41d697bc170310eab8d2,true,1.0163383632773844
09_32_0.5_red-0117,lmsys-5d4bc77d48264cf8b00f9a5f3eedbfb3,true,1.0195169356879887
09_32_0.5_red-0118,lmsys-974317f962824ce69a8548da0cea4eae,true,1.0107531160899441
09_32_0.5_red-0119,lmsys-d40eacb184c14fce936b16caccf13a7e,true,1.712198921847886
09_32_0.5_red-0120,lmsys-782f75aba3cc4784a3ac705656c96347,true,1.0283320031347216
09_32_0.5_red-0121,lmsys-71a4fcf4c7d14e7b96f2b99c531153e3,true,1.0182342065323553
09_32_0.5_red-0122,lmsys-69f3397d26644046a01b4ff96a0f5f6c,true,2.9511281360265116
09_32_0.5_red-0123,lmsys-96db1153481f46ee90f9692b53618f2f,true,2.459068124412653
09_32_0.5_red-0124,lmsys-828ef2ef03604d32aa6c13c3bd73eb38,true,1.027874673837573
09_32_0.5_red-0125,lmsys-a0697334ba9e45a88a2add76098a28ba,true,2.8241586170333335
09_32_0.5_red-0126,lmsys-629593bbb1aa433e9a24419c69a0925f,true,2.5436465724735626
09_32_0.5_red-0127,lmsys-55a54e8180c8401bb7a2bd6267c7f11c,true,1.0162621055816032
09_32_0.5_red-0128,lmsys-b7d0786cbea5465197edbccc43314289,true,1.015946002646814
09_32_0.5_red-0129,lmsys-39186f0ec40e433f85aaba15d00b36d2,true,3.762499351734647
09_32_0.5_red-0130,lmsys-139f234586c04a939f57a8718a49b418,true,3.761052651839009
09_32_0.5_red-0131,lmsys-119299f80c5b45738d917d3701d7e945,true,3.4773704527314635
09_32_0.5_red-0132,lmsys-f946df398f2d4c96b1240f91ff539829,true,1.1950906624610411
09_32_0.5_red-0133,lmsys-332075fac2b84b798c9b1e52241de440,true,2.7334054345917878
09_32_0.5_red-0134,lmsys-6e0756af7e4d49c9b54880cb3c6b15bd,true,2.5374322626001913
09_32_0.5_red-0135,lmsys-0db6625d21574521830eca9bb77d9b5e,true,2.0369497130003538
09_32_0.5_red-0136,lmsys-4a05d5941e8948fe8d11363447cf61e1,true,1.1888327903433833
09_32_0.5_red-0137,lmsys-3bb9b289334e43ccac8f5abb1c56604f,true,1.1803497814182151
09_32_0.5_red-0138,lmsys-93dd978daa4f422aa978803737b5b1e6,true,1.3504715175304796
09_32_0.5_red-0139,lmsys-3fc919150ec54946a9d0767c7cc55f16,true,1.1883462510668892
09_32_0.5_red-0140,lmsys-a3c73085460140f483cf648e1b263272,true,1.3129925396037265
09_32_0.5_red-0141,lmsys-61c75d537c9749008c8dcaecb66cb157,true,3.3444046922295456
09_32_0.5_red-0142,lmsys-7e088dcdc3fe4a4882a94c31d4a0e0f7,true,2.8951955663787885
09_32_0.5_red-0143,lmsys-e255df6ffb874e68b5403d0869f71308,true,1.1899498697537183
09_32_0.5_red-0144,lmsys-08e6b50143fd436f8fb468987368cae3,true,1.1869351588595691
09_32_0.5_red-0145,lmsys-a8802f352f3f4b399e791be6a3e84005,true,1.0229528479049463
09_32_0.5_red-0146,lmsys-d1f5872071a44443b9afcecdfcd8df7c,true,1.2584254860972237
09_32_0.5_red-0147,lmsys-5af97d15a3054ad1b666291fd02a6999,true,1.0208856015542551
09_32_0.5_red-0148,lmsys-8a76d781283f4fd09eaa5f3173138b7f,true,1.0226110763359202
09_32_0.5_red-0149,lmsys-afae663b576449dba4fa406fcf80c6e2,true,1.011170288475455
09_32_0.5_red-0150,lmsys-f7aa2055451c4745acb45fdfd89e18a2,true,1.2633177859007105
09_32_0.5_red-0151,lmsys-ec0bc19244104aefb71f5619d7b123df,true,1.8056560901038665
09_32_0.5_red-0152,lmsys-478a82f480ae4bacb89d7a4720ffb454,true,1.5231681709075815
09_32_0.5_red-0153,lmsys-8af11348885149d0895452c383441336,true,1.029448196112412
09_32_0.5_red-0154,lmsys-2c76ffe64c554dddb6c876b79a237780,true,1.7993105304303185
09_32_0.5_red-0155,lmsys-750a2859bddd4caeb8902a481b513c69,true,1.0211641792029695
09_32_0.5_red-0156,lmsys-4fc60d49739d4141827dd57f5d92fc2d,true,1.1835060648900253
09_32_0.5_red-0157,lmsys-25cc714bd38f4f03896b85f6307a9d27,true,1.1822619563844796
09_32_0.5_red-0158,lmsys-3f1996403b044db789b4cbd5cbcbb47a,true,1.1888297247413107
09_32_0.5_red-0159,lmsys-f02b7b9ce0dd4e20ae2bb6d43ffefed8,true,3.413871479820159
09_32_0.5_red-0160,lmsys-7a4881e3edf64e77b1ef2f280dcf6ba7,true,2.3548328555797298
09_32_0.5_red-0161,lmsys-ca5e65fcc8e74fa6a6b719c8d0867293,true,1.527548152282236
09_32_0.5_red-0162,lmsys-a17e9de43f344679abf126d02ebfe3ed,true,1.2327640055804636
09_32_0.5_red-0163,lmsys-6abfaa17eca2493e94a25c0f2df096fb,true,2.744937551096484
09_32_0.5_red-0164,lmsys-b14980a2ccac47f191e1e4532adb817c,true,2.546876198941561
09_32_0.5_red-0165,lmsys-1c247342efb949da80c3e08cb1407557,true,3.67333722954794
09_32_0.5_red-0166,lmsys-d7fbf94a24a4457b90e78a2fd844f0c9,true,3.1026130408486665
09_32_0.5_red-0167,lmsys-f21fe5d3f96a4e3f858335907b92ab8e,true,5.605788642556149
09_32_0.5_red-0168,lmsys-f275a6c7325648e6a24537d1b2b06175,true,4.972982137816189
09_32_0.5_red-0169,lmsys-fe3fd5ec6c924824ad86d716a9b3fb45,true,4.6912301903439015
09_32_0.5_red-0170,lmsys-fb9566ae400b4e86973dd489ec5d8f77,true,1.1872927854685145
09_32_0.5_red-0171,lmsys-91fa9bc72b044befb31873303bea310a,true,1.1952016008488613
09_32_0.5_red-0172,lmsys-d56c25664a934fdf997b9c672468e893,true,1.1835929615105556
09_32_0.5_red-0173,lmsys-8d0ba7d717cd4a88b0a727d60e296536,true,1.243563472542121
09_32_0.5_red-0174,lmsys-0eb5e609dcd64d02a8f7dda909de5858,true,1.1797827446435463
09_32_0.5_red-0175,lmsys-62194d91e88d4916a1daba910e67a2f1,true,1.3307661256479264
09_32_0.5_red-0176,lmsys-b8c3b6ecaa3f427490dd5720ba0b0920,true,1.1845546724865699
09_32_0.5_red-0177,lmsys-279b054f4c6f4a9195408166f7cf840e,true,2.5816090616806378
09_32_0.5_red-0178,lmsys-a2b3fd4fdd9442d09c0085754d1eba46,true,2.440196466751786
09_32_0.5_red-0179,lmsys-667c659d5d534455b2a0a6f8ac4e0335,true,3.3930359265231687
09_32_0.5_red-0180,lmsys-65a2dc340f5d45caa7815fc3ee6a91ec,true,1.8046498626754897
09_32_0.5_red-0181,lmsys-a898bb1c6b694b36b8b084e20039fc38,true,2.9315334334760337
09_32_0.5_red-0182,lmsys-576194865f8e4ac999b3fbf23b872aab,true,2.637533431005977
09_32_0.5_red-0183,lmsys-0e75c4d167dd4921a88d063b3885f075,true,3.5231504500817437
09_32_0.5_red-0184,lmsys-d708d425d3dd496d970f1d34c58486f7,true,3.4206880515517923
09_32_0.5_red-0185,lmsys-0f6e7d9d79164e19a879208a2846c7f1,true,1.1848202896736666
09_32_0.5_red-0186,lmsys-07665352365c4e3abac6542fa1e603fe,true,1.1880684372220571
09_32_0.5_red-0187,lmsys-9b79547a27254e0380df2cb8d34d42f4,true,1.1873843577912453
09_32_0.5_red-0188,lmsys-c500e1033ac545adb81f66b0dae43e56,true,2.177334805925625
09_32_0.5_red-0189,lmsys-6f0b005ac47c47b9962409958a772dc0,true,1.1816522202902888
09_32_0.5_red-0190,lmsys-ff272670383040c7b3cc60d35a1f5643,true,1.1819713375350602
09_32_0.5_red-0191,lmsys-20be041bfb92465091582201303c0917,true,1.1934919821759422
09_32_0.5_red-0192,lmsys-82de9a1498884b36b03a07cb7055fbe3,true,1.1868146237862902
09_32_0.5_red-0193,lmsys-28b9aa9f2d014abdbb0e15247233c967,true,1.446145157275339
09_32_0.5_red-0194,lmsys-6c76876db4e64520a05db937d17f008d,true,1.1873044658933622
09_32_0.5_red-0195,lmsys-d272c210ccd44a6097a1fdf29cbb9d49,true,3.3961841735227267
09_32_0.5_red-0196,lmsys-e6f5dcf7a5e5402ea56de9a21603b5d3,true,3.28372645314181
09_32_0.5_red-0197,lmsys-fba4af73965443d092e44e623231e8b8,true,1.1918126273219514
09_32_0.5_red-0198,lmsys-264bfdbde0ab4cc8b0f68d8744b413e8,true,1.5563711750708649
09_32_0.5_red-0199,lmsys-b101e4772dc14c18b4c0479da01be0a9,true,1.1833948972534358
09_32_0.5_red-0200,lmsys-22aeefbff672462caa16cd3c95c1d6f6,true,3.0423468943348553
09_32_0.5_red-0201,lmsys-710e748ae59d4d9197f70072f8bd2321,true,2.6096727002321813
09_32_0.5_red-0202,lmsys-390aef9e72c34d1083cdea18516fb90b,true,1.1811371557216717
09_32_0.5_red-0203,lmsys-53a1254b2eb444519ce7bfb580d1aaf1,true,2.021361715350963
09_32_0.5_red-0204,lmsys-68320ce61e684e57b6bf59cd9587642d,true,1.1862959446046943
09_32_0.5_red-0205,lmsys-2177fb14a1674f4c88b0b99093e0d8a1,true,1.1764698203395483
09_32_0.5_red-0206,lmsys-91d8702d02cc4bb99239b5aaaff1af78,true,1.7632216448920417
09_32_0.5_red-0207,lmsys-075b1dc948c445d6a8267f40a607b051,true,2.316416061065752
09_32_0.5_red-0208,lmsys-62c4b4e1bfcc491396ad22d22585ad31,true,1.1604866945797312
09_32_0.5_red-0209,lmsys-6c561b53690f441a83411a1e935423fe,true,1.1885776607035154
09_32_0.5_red-0210,lmsys-4878569ba30442879bff4ebe46ff7d5f,true,1.1806030064487345
09_32_0.5_red-0211,lmsys-4a28897eb16a4ef389e66f90ceccdf92,true,1.1876287661540346
09_32_0.5_red-0212,lmsys-9c20b7ccee5a4d7b95a1d0b241753c68,true,1.1888081541334827
09_32_0.5_red-0213,lmsys-92bbb7fcd9584b9a8505fd2f1f1463ff,true,1.1917514763781014
09_32_0.5_red-0214,lmsys-387aed9ace234e1ba0d57f64017001c7,true,1.3084429556313921
09_32_0.5_red-0215,lmsys-1a9efcf00007470aae9e068beae2b32b,true,1.1868854881970492
09_32_0.5_red-0216,lmsys-9c8c3ce35ae9409cae68ea479f2accff,true,1.9693135228388883
09_32_0.5_red-0217,lmsys-3ba7519da8134ca4a3144d0373918e43,true,1.4991373703055046
09_32_0.5_red-0218,lmsys-4cfb77fa2829490c8405b007c1b8c9c4,true,1.1834971173621511
09_32_0.5_red-0219,lmsys-39ef8a96dd634182a57df6f74b42e70f,true,1.1849518977733737
09_32_0.5_red-0220,lmsys-476a6aecbf4c43598a488f558df882da,true,2.1414993631224206
09_32_0.5_red-0221,lmsys-8c4085175a6b44d2bd6e8cab4ecc7e5e,true,1.18842724542543
09_32_0.5_red-0222,lmsys-11716ef9ffab403ba3de2e5f75bd9500,true,2.842046476929056
09_32_0.5_red-0223,lmsys-ff68996193b24a79a6f9b4d4756cebe7,true,2.7985748990535058
09_32_0.5_red-0224,lmsys-e9c7a6ba9ad045c190672c48c700ab42,true,2.5006615163210313
09_32_0.5_red-0225,lmsys-c8e378f0b33f425a8d9176e07a9d2862,true,1.303592088788207
09_32_0.5_red-0226,lmsys-e59af70c25db42dba6f80ae616d08154,true,1.6547124087681482
09_32_0.5_red-0227,lmsys-6127ff511bf7412fad49bbf47d935aad,true,1.1870008836460215
09_32_0.5_red-0228,lmsys-56f54ccf9f92430cb3ca3bc6a3038731,true,1.1843797234199087
09_32_0.5_red-0229,lmsys-5eae1f44d542421283934f7ab2470605,true,3.3725784180692244
09_32_0.5_red-0230,lmsys-727f8d7421454c13a621f1740090bed2,true,3.0454822086640547
09_32_0.5_red-0231,lmsys-18ab254e51a349408c4954ca312d429e,true,5.203387915238636
09_32_0.5_red-0232,lmsys-56b9748045f44dd9b848dd7a75b568da,true,4.816333586373844
09_32_0.5_red-0233,lmsys-1d0978684c9b4a368a57b3e4941c5f6c,true,3.966769861148407
09_32_0.5_red-0234,lmsys-287ec94b9e1647b48d6c89245f131419,true,5.743640050226929
09_32_0.5_red-0235,lmsys-23f1b7f2ec824ca8b710d17e67d41a43,true,4.9824709703652275
09_32_0.5_red-0236,lmsys-4651e44d1abe4828a13a73dec7ff1456,true,4.429083474412209
09_32_0.5_red-0237,lmsys-03708c49908a46d0ab6497c624676481,true,1.9267349758427486
09_32_0.5_red-0238,lmsys-08ee65725905496f8b52f06dd3f86e95,true,1.1818060228011404
09_32_0.5_red-0239,lmsys-0768914c3245403d840a0f74cd7694a8,true,1.1816115130422986
09_32_0.5_red-0240,lmsys-f63516c7c85a482fb9053c652948919f,true,1.1803341108429777
09_32_0.5_red-0241,lmsys-415d1b87826c46b3af39c6d53d87c1e6,true,1.1838858004736608
09_32_0.5_red-0242,lmsys-334c724d69794ce7933d38f1f2697f35,true,1.9858905716313302
09_32_0.5_red-0243,lmsys-78d3e52c074f42939a25331e4bb9ba21,true,1.1878277141858007
09_32_0.5_red-0244,lmsys-d4786a6fa0a74dec9e5ffda377cad72a,true,2.1994675273445523
09_32_0.5_red-0245,lmsys-839425c1e0524b85b1c780961febd70d,true,1.1831749078943403
09_32_0.5_red-0246,lmsys-b1e0ac2ca96b44f4b1479703deee2837,true,1.1891605158228913
09_32_0.5_red-0247,lmsys-aa9ecdaca5d14937a1f2f541fb9590b7,true,3.0623189813677527
09_32_0.5_red-0248,lmsys-546903fcdae849aab2283943be12477a,true,2.536487238716745
09_32_0.5_red-0249,lmsys-8ae56c80241d4912ad2322c8be3c3d93,true,3.2916588824008386
09_32_0.5_red-0250,lmsys-40002e6aa97042718401f9e838407b8f,true,1.4996931377326632
09_32_0.5_red-0251,lmsys-18e13cc3834d49658434c3bef7d86242,true,1.1934997406920616
09_32_0.5_red-0252,lmsys-1ea5a556f9654a97897afc8c98b665d8,true,1.1877174976936544
09_32_0.5_red-0253,lmsys-dbb2dbfba9694a5db825d06d0031909b,true,1.2525868627293448
09_32_0.5_red-0254,lmsys-cfd45762c65049ae96fe0f342e96a8fc,true,1.1876975645560037
09_32_0.5_red-0255,lmsys-d0a1a865034246e5b9953a1db5639b54,true,1.195939023351798
09_32_0.5_red-0256,lmsys-1a9a8b4e401e4fe7a3bbce83e72c9eb4,true,2.272136037764085
09_32_0.5_red-0257,lmsys-60b7b851b75e48ab84a99a1748926cdc,true,1.1932208470985302
09_32_0.5_red-0258,lmsys-d47c77d0d9214ce08298cef4874a1fdd,true,1.7451757382524988
09_32_0.5_red-0259,lmsys-d6b77289c10445989c2def98af360626,true,2.9762374703039995
09_32_0.5_red-0260,lmsys-5b42913fc01940a9b00c7d04b5b668ea,true,2.3339539070836395
09_32_0.5_red-0261,lmsys-979066f2917d432c8eb5177ededde52f,true,2.7028617361698934
09_32_0.5_red-0262,lmsys-1bcd86e7d2a4402590d22b6b9864f4e6,true,1.1809298751648498
09_32_0.5_red-0263,lmsys-9f4219f811604e59bf8a4f53123e9649,true,1.1782434934727348
09_32_0.5_red-0264,lmsys-c28de1f16fcc4ff0bcfdc4815c11b0b7,true,1.191528640385684
09_32_0.5_red-0265,lmsys-c0d6a48f415b442cbd6df9b5af8b9097,true,1.189332976536548
09_32_0.5_red-0266,lmsys-d29768d7dc5a495db9e0360743cc6c23,true,1.1835935733435008
09_32_0.5_red-0267,lmsys-e554434786f04dd79cb5eea7344d93a2,true,1.1796876325566927
09_32_0.5_red-0268,lmsys-a2043cdb971d4f6e9ab4c64a9d11c764,true,1.1886034147491955
09_32_0.5_red-0269,lmsys-f374e00699f94ee885a74044fb72e7b8,true,1.1901002788085862
09_32_0.5_red-0270,lmsys-ab21da5438a94ab4a93d6ff0b66cf8b8,true,3.017154430475216
09_32_0.5_red-0271,lmsys-0096a04047b142c885e1e858912b2457,true,2.8469052855458585
09_32_0.5_red-0272,lmsys-6c31c05884094b26a1b6ba90cc700109,true,2.8980234192833905
09_32_0.5_red-0273,lmsys-e2a75c567b984b95baaa78c5656c12ae,true,1.839792010297515
09_32_0.5_red-0274,lmsys-c351d4401aa54f6396eaf6cfafb0ecfe,true,1.5598939969064531
09_32_0.5_red-0275,lmsys-0555270a68214f6986c49a0478cacf19,true,1.1821856991948607
09_32_0.5_red-0276,lmsys-f6e0b56f5ef8481796b7385f7ebc3778,true,1.1901084849606605
09_32_0.5_red-0277,lmsys-f9bd80aabef2484486a5e5a69473268a,true,1.9009398145801697
09_32_0.5_red-0278,lmsys-85a89c13838c4ee1a57f8addcb2b9cd8,true,2.2833533893253843
09_32_0.5_red-0279,lmsys-47b133a2c8344daa88a279d314d23556,true,1.4707114348929053
09_32_0.5_red-0280,lmsys-9af4faaa1fff4f0db63e21a6ccc20685,true,1.183553866575835
09_32_0.5_red-0281,lmsys-1f8da42aedf748f1901a4d87c6d36ae8,true,1.7726597872043612
09_32_0.5_red-0282,lmsys-d4265d706a2f499aa5489b7df216318a,true,1.1844759945739725
09_32_0.5_red-0283,lmsys-6c1032d2ea65412a9b646b7740432132,true,1.1871328718619907
09_32_0.5_red-0284,lmsys-3176da3bd447467db58108ed0f62722b,true,1.2005477485829488
09_32_0.5_red-0285,lmsys-bbd7096ee64b4e89ab3f7aba619eff91,true,3.1007941047505483
09_32_0.5_red-0286,lmsys-59cc73e9c5d24e549ebb9c10148978cb,true,2.912738198370562
09_32_0.5_red-0287,lmsys-77342bafdd78420f99922a39a220fecc,true,2.9274157068800832
09_32_0.5_red-0288,lmsys-4c8510c154044e6a9410ff7ef005e824,true,1.2558685427451337
09_32_0.5_red-0289,lmsys-c1032e1ea41d42e2b9d63a84c98d428d,true,1.1889986740543463
09_32_0.5_red-0290,lmsys-1d20841e99f948b5b9ff1e34b77fcc09,true,1.6162245272616929
09_32_0.5_red-0291,lmsys-42d46210816a4e02945ae556bc425389,true,2.324292438588259
09_32_0.5_red-0292,lmsys-1cfd20c722dd455ca7d08ae1996c2095,true,1.1957240187771276
09_32_0.5_red-0293,lmsys-23dd48fffe20494c88b6cecb59314f56,true,1.1968860418709255
09_32_0.5_red-0294,lmsys-0b8ec696ece34870b53e56077791f6e2,true,1.5626421041216645
09_32_0.5_red-0295,lmsys-722dbb9de6634b1e85a991f1ec0454a4,true,1.2671197385304822
09_32_0.5_red-0296,lmsys-80cb5a5bbec74363a10439c23b941ba0,true,1.1772938424533095
09_32_0.5_red-0297,lmsys-56333755f5a2490ca8be91c6f7c3ed7e,true,3.361262378360607
09_32_0.5_red-0298,lmsys-ad2b0860fa5943cfa9622f6e2b970506,true,2.9769221293454393
09_32_0.5_red-0299,lmsys-fdbc7129b9d94d6e895d705767fdd265,true,5.352038026265973
09_32_0.5_red-0300,lmsys-9f54a07c3db6420ba3b92e18aa8d30f1,true,4.977307184227016
09_32_0.5_red-0301,lmsys-06b0acf4105644409bbb075e58050fd8,true,4.178368354069448
09_32_0.5_red-0302,lmsys-cbaf23973fe947cda0d9e124145969bc,true,6.819364365589536
09_32_0.5_red-0303,lmsys-369caab55605467e8166f12fdda84ff1,true,5.775246402930293
09_32_0.5_red-0304,lmsys-6821b922ae5740d78b96b54a41f85fe0,true,5.750108618000127
09_32_0.5_red-0305,lmsys-9b1a97d8cec645ecb7bc1619f14ae406,true,8.06629221730418
09_32_0.5_red-0306,lmsys-22c74d73b3344a238b81644b53821e5c,true,6.990206905351897
09_32_0.5_red-0307,lmsys-91c52898abb845a19ccdc8a7adacc891,true,6.5978939571706405
09_32_0.5_red-0308,lmsys-20b6afc7e6464191bc9514a7d4032251,true,4.92684844871485
09_32_0.5_red-0309,lmsys-3bffada9c6be4103a082e28ccc3cf2f7,true,2.7988230843055817
09_32_0.5_red-0310,lmsys-b413912e6a0e42ccb2373a3b06b65570,true,1.912056835927956
09_32_0.5_red-0311,lmsys-09167de7990947be95ab32593e57568b,true,1.4432464857795821
09_32_0.5_red-0312,lmsys-38141b3163a14fea9259a1fb2fa72f7f,true,4.460188043857897
09_32_0.5_red-0313,lmsys-ec812e53c4af4de2b8719346b693119b,true,3.7967029612404986
09_32_0.5_red-0314,lmsys-90eaa70df477423abb6ade0a6ba5dbd6,true,3.5882239296936405
09_32_0.5_red-0315,lmsys-3d745db70dd84d3287939f04711ed028,true,2.689623283408082
09_32_0.5_red-0316,lmsys-c0959b621bef4f5784f1d75fbf52d33a,true,1.324294034006357
09_32_0.5_red-0317,lmsys-4d25b6a5d95b499d9924ba9de386dd61,true,1.1897973484367412
09_32_0.5_red-0318,lmsys-60d6f0d40dee42a1886a968c7bc31871,true,2.1203136045120345
09_32_0.5_red-0319,lmsys-d4c6a34e7c3b429494bf0fcab224fd90,true,1.2530383262882197
09_32_0.5_red-0320,lmsys-7d245b734f7248d39c6c0798bd978992,true,1.1844783132623888
09_32_0.5_red-0321,lmsys-93ff1ae997b841fca22a875513049eba,true,1.250344206607906
09_32_0.5_red-0322,lmsys-5021700bbb3c408bbdf4f6d25e6d1bcd,true,1.268147119326045
09_32_0.5_red-0323,lmsys-5f6c5bdfee954f94b39061264eb0b339,true,1.1794116348773969
09_32_0.5_red-0324,lmsys-ebbbc6b4c7c64feeb43e65a417c67b73,true,1.683186926190615
09_32_0.5_red-0325,lmsys-c909af5c36b14dde94f5f877aac65bb7,true,1.189815619658816
09_32_0.5_red-0326,lmsys-1aa4911f41a84c83bad9d34d783647b7,true,1.1952699918308554
09_32_0.5_red-0327,lmsys-b6849f9b67fb4de083effaccffe70484,true,1.1894116720541206
09_32_0.5_red-0328,lmsys-c6c35ffd35b34bc79f7ad86f71b16e62,true,1.7849004074977302
09_32_0.5_red-0329,lmsys-9401ee4f06aa4d65ae270dbd33bd4194,true,1.194529462997707
09_32_0.5_red-0330,lmsys-7e4c9fb162ba4cb9a317f237165028e5,true,2.1551889029268523
09_32_0.5_red-0331,lmsys-89fa8d62a4ec40b9a21448b0ce3955e9,true,1.1898044258394975
09_32_0.5_red-0332,lmsys-97ec5b5740b24a758692253107de2b86,true,1.197214596107301
09_32_0.5_red-0333,lmsys-9696c782cc0349cabeba3ce2ac665d7c,true,1.185815018445055
09_32_0.5_red-0334,lmsys-677117e7aee84f00bc00961f992d393e,true,1.1778839947147617
09_32_0.5_red-0335,lmsys-b79f859d23c34a2ebe115cc44227cd73,true,2.966979216442155
09_32_0.5_red-0336,lmsys-434f1e4d14a349099e6c304f25d556f2,true,2.379585621291426
09_32_0.5_red-0337,lmsys-741fca3522164d63833f18ab4bf3f120,true,3.152356448586829
09_32_0.5_red-0338,lmsys-f15ae64980994ca89d170813c7448ea5,true,1.185213071149974
09_32_0.5_red-0339,lmsys-f731beada5ab40de92cfe6abeb62f9a2,true,1.9886634038458624
09_32_0.5_red-0340,lmsys-9bf35f26cf9a4543924673dca0144c67,true,1.190015721515465
09_32_0.5_red-0341,lmsys-3adb7ed1928647919c98f96bc3d94809,true,2.94866373832474
09_32_0.5_red-0342,lmsys-a6ba012762cb41ad84f3fc7b7c122ec4,true,2.8268752883166144
09_32_0.5_red-0343,lmsys-123081b5de4440be99e815b0598972d9,true,1.1876236411629861
09_32_0.5_red-0344,lmsys-0d231f4e9cf148d3a55b7c81f3726fc7,true,1.1925117740943278
09_32_0.5_red-0345,lmsys-a348549250d94294996463c3999806b0,true,1.1841628500184243
09_32_0.5_red-0346,lmsys-568d495aa6b74f4691b474eb3d550e14,true,1.0176253736754006
09_32_0.5_red-0347,lmsys-a824a0242464458880ea3ea658e141fb,true,1.296322765292416
09_32_0.5_red-0348,lmsys-099e7bc3a44b4b949b7e5165ddab6e7a,true,1.022432730358787
09_32_0.5_red-0349,lmsys-9b5d7b31e5524df38c0bf0da1d971aa4,true,1.1883237585088864
09_32_0.5_red-0350,lmsys-4fce0fa0f091481180e34ac8b2403601,true,1.1975584456098431
09_32_0.5_red-0351,lmsys-7cf96677f25b4db8b44feadba7a5ed94,true,1.187071124841168
09_32_0.5_red-0352,lmsys-b21205795cd74fa4914fcd3ce4ffe3f8,true,1.1885038635236924
09_32_0.5_red-0353,lmsys-b1f8bb6e54d94bfd94620e5632cbe731,true,1.1839843854157834
09_32_0.5_red-0354,lmsys-3aab1d2cbb004fdf968028a2f406cabd,true,1.190361386919676
09_32_0.5_red-0355,lmsys-9c5ac1fc3b1a42ff884d3b17d27e61f0,true,4.239621870784049
09_32_0.5_red-0356,lmsys-6ad6d38c31ce4bc6ab766a26b0cd54d6,true,3.668255388325065
09_32_0.5_red-0357,lmsys-007a16281807490aabad6346b2a687ef,true,3.573010649048456
09_32_0.5_red-0358,lmsys-a3c2fb7fa17c4370a3e0328d5cbdda5e,true,4.303810800970496
09_32_0.5_red-0359,lmsys-2b3c12aae1014b60ad31bcf2e492aacc,true,1.1903149247772262
09_32_0.5_red-0360,lmsys-de3736fda5fb46608128db47f6dd41e7,true,1.195049076142709
09_32_0.5_red-0361,lmsys-dec63026b87146caa6635ea4086ee778,true,1.1876119967212162
09_32_0.5_red-0362,lmsys-e274338b766f4589a8e23b6384a30978,true,1.1847197944798609
09_32_0.5_red-0363,lmsys-a5fd6a3e06d6448f8179761cce91e503,true,1.1748431143508924
09_32_0.5_red-0364,lmsys-580103ef4be9409cbb891cde93a72403,true,1.1865212851240585
09_32_0.5_red-0365,lmsys-ea6e22002b45490bb739dcfc688c8f05,true,1.1983201557785605
09_32_0.5_red-0366,lmsys-f0372f6c660045059f8a7d79932e36fb,true,1.5642302254539118
09_32_0.5_red-0367,lmsys-1637320288494f0eab8270d78e184981,true,1.1768512614694373
09_32_0.5_red-0368,lmsys-dfb6d43cf0a447c089c645f5770d784d,true,2.205891290439695
09_32_0.5_red-0369,lmsys-31c076be4b2649a5970b68f8e94d602c,true,1.183973348789209
09_32_0.5_red-0370,lmsys-28ab60d6fd4d4d8ead555f1e2d0a04a0,true,1.1537017968076952
09_32_0.5_red-0371,lmsys-434b38685f224d1bb7ebc2475b60480c,true,1.1827294940542288
09_32_0.5_red-0372,lmsys-48533b33c016495f8e3878cefb0feb24,true,1.1943709870497514
09_32_0.5_red-0373,lmsys-33dd02e78be249f3aeff2fc3e46a0009,true,1.1800992638790149
09_32_0.5_red-0374,lmsys-731bb0c18f954192887ef1f649cc07e7,true,1.1775404503191567
09_32_0.5_red-0375,lmsys-31b92ab510b84231a234ce384ea4fc83,true,1.1891181024845991
09_32_0.5_red-0376,lmsys-4a99a36f604b411f9ba9ec67cd708e86,true,1.1896280604108824
09_32_0.5_red-0377,lmsys-242955bf587b4816bf0e2ea3cd5d71bf,true,2.1866965264705414
09_32_0.5_red-0378,lmsys-5396284ff7dc499f81b73f49ecf9a172,true,1.1825899814275544
09_32_0.5_red-0379,lmsys-556a3a43aec84ccd8059eb6d7faf533f,true,1.2765958712980137
09_32_0.5_red-0380,lmsys-ed9f59ec6ca84fb0a49bebff4db60ac4,true,1.1859600706444553
09_32_0.5_red-0381,lmsys-106e5d34ceae4e5d8b4a53421536a7b4,true,1.1784158377523681
09_32_0.5_red-0382,lmsys-427e075af05545d38a9fcce99e4403bd,true,2.8910182389909096
09_32_0.5_red-0383,lmsys-b685d241c36f4dfe884a6a919e12d844,true,2.7594392071955554
09_32_0.5_red-0384,lmsys-6657ce9e897d4fbfa5af9d6a5a8b1de8,true,2.43126642876382
09_32_0.5_red-0385,lmsys-2e863c97ab0641b39246914fa22cfd27,true,1.1875518570504937
09_32_0.5_red-0386,lmsys-fac827d785e74b7cbf077baf442846b2,true,1.1857957801734074
09_32_0.5_red-0387,lmsys-7c721b0704d749e4a465c6056875db2e,true,2.2667867957778753
09_32_0.5_red-0388,lmsys-57d2a972baad4268ad5d1e79ba00d987,true,1.1891302150390857
09_32_0.5_red-0389,lmsys-b7719171d88f4e17a6e4711206aa623f,true,1.1803216064344042
09_32_0.5_red-0390,lmsys-4056079cc9334785a78e6308d5e9deb5,true,1.178221338463345
09_32_0.5_red-0391,lmsys-2331ee28c05343beb0840e9639f29c94,true,1.1872421742078814
09_32_0.5_red-0392,lmsys-5d296a0058a24eea8cdf0d0b1968dc72,true,1.9291359082693589
09_32_0.5_red-0393,lmsys-2b54d215877643f9a28e2a7200615a55,true,3.099376148397482
09_32_0.5_red-0394,lmsys-07c4fac6a0c84bc8ac3fad64768899bf,true,2.7873186776062084
09_32_0.5_red-0395,lmsys-fea40dfed5b64382802ee08c8486abaf,true,3.864519290179146
09_32_0.5_red-0396,lmsys-73dbaa3cef3047ca9499f5889dd11bbc,true,2.6046319936373266
09_32_0.5_red-0397,lmsys-c81f934859bb4d118df17b3275616b3d,true,1.1920032496159365
09_32_0.5_red-0398,lmsys-42ef007086a54af08095362000aa69a6,true,1.9851403391917302
09_32_0.5_red-0399,lmsys-0494277bcda6493dbddc23c40ee4f773,true,1.8248862939665287
09_32_0.5_red-0400,lmsys-e3cde1bb2f6e4b9cb08d177e2651c16d,true,1.0360625547949667
09_32_0.5_red-0401,lmsys-058dc138d106489ab20637bb8f242579,true,1.0297055944596423
09_32_0.5_red-0402,lmsys-2b53d5694ffe4a65886062238f2b9c40,true,1.0189235343914333
09_32_0.5_red-0403,lmsys-5f51bd5a746143528ff7797e3659db16,true,1.0229709391999222
09_32_0.5_red-0404,lmsys-e03a71fa436c42d1a1e6dc5a27af87e5,true,1.0169524954488907
09_32_0.5_red-0405,lmsys-b839976943f041cf8e43b92ba2243302,true,1.0122327183939888
09_32_0.5_red-0406,lmsys-714010e200c546d6a0b8705f1e4ecd05,true,0.9996951103555602
09_32_0.5_red-0407,lmsys-459091a7d99e41398266860ecec9d91c,true,1.021113814591672
09_32_0.5_red-0408,lmsys-9bf17286623f4531aed04e416c309d20,true,1.1948423331781441
09_32_0.5_red-0409,lmsys-407b3587639249598279f0d921f4d352,true,1.1857019000951823
09_32_0.5_red-0410,lmsys-b0c343364ffb458083fed7b573bfce0f,true,1.5753279862295813
09_32_0.5_red-0411,lmsys-e2031c6fe33f416da86a969274e5ecaf,true,3.13916615757978
09_32_0.5_red-0412,lmsys-25397ccb262148c1a4f9cfec5ab90f9a,true,2.412067514451678
09_32_0.5_red-0413,lmsys-c21e45005517430e9069d3ea990674fe,true,1.644649376843745
09_32_0.5_red-0414,lmsys-df8f0a99622d4fd7a03a9b925e744d32,true,3.1305440174271553
09_32_0.5_red-0415,lmsys-ffabae0027e440bbac8db2ad5207bd98,true,2.808928998737315
09_32_0.5_red-0416,lmsys-1c3e1ee8d03d48b9935e2d868de8d4e4,true,1.1574797835808113
09_32_0.5_red-0417,lmsys-0eb27576f30e470eb03b6835f9cba4ec,true,1.1787137664299507
09_32_0.5_red-0418,lmsys-4a1b15c2a75b4751a1bbdc8daa251bcd,true,1.768372919772446
09_32_0.5_red-0419,lmsys-bdc961ebc7b34d12876a1b10f7c50bdb,true,2.174787623669431
09_32_0.5_red-0420,lmsys-cc977bc9f8104e73afc8d005f64ae222,true,1.0210958217899133
09_32_0.5_red-0421,lmsys-7d549ed6f7b14e54bcf83ad7bf9d2e91,true,1.269236762518176
09_32_0.5_red-0422,lmsys-bdfd99965ace46829fb683fa52b748fe,true,1.0217305854555434
09_32_0.5_red-0423,lmsys-6c93c7494e644cf2a820c54452f789b0,true,1.9162016115277538
09_32_0.5_red-0424,lmsys-82c935048bb645a99fbdeabad8e916ee,true,1.020141323163216
09_32_0.5_red-0425,lmsys-e919b0f9b5db4b16a67c9d46fb56eaf2,true,1.023166599697447
09_32_0.5_red-0426,lmsys-c0c6aa268c574bc790f694555312b300,true,1.0248217860610112
09_32_0.5_red-0427,lmsys-c96e17980b9043398c8c14cd6b143ebd,true,1.0242411015344715
09_32_0.5_red-0428,lmsys-8865deb8abd14acc9356909df2212815,true,1.0322096869981578
09_32_0.5_red-0429,lmsys-57e04eba904e4f29931ad913a662e8e7,true,1.0286650101281793
09_32_0.5_red-0430,lmsys-c00289290afe4fd884566d85812ab500,true,1.6743204506512939
09_32_0.5_red-0431,lmsys-5109240c4ae941648d4ff4dc6517c635,true,1.8156098370711788
09_32_0.5_red-0432,lmsys-763d451fe80348be99379979de43ebf7,true,1.050437435103163
09_32_0.5_red-0433,lmsys-8fef60173adc407c8956fcd207e1d48d,true,1.0206802013975675
09_32_0.5_red-0434,lmsys-67beea063888439ba3c87effd71b0305,true,2.8832464163134546
09_32_0.5_red-0435,lmsys-31bd9bb0fd2f4b3abb2c94c703d72455,true,2.242072384419771
09_32_0.5_red-0436,lmsys-41e091c73bf8458182aaf2c12d77a08a,true,1.1953569484317086
09_32_0.5_red-0437,lmsys-1cd77c962b68476f9d02b71ef75b7bee,true,1.1813544311991109
09_32_0.5_red-0438,lmsys-d1499a0d2b8342688baddce72d8cc87d,true,1.1864397184971267
09_32_0.5_red-0439,lmsys-7a52e261a75d4e338471ef8ee284eea5,true,2.065814572556178
09_32_0.5_red-0440,lmsys-138d67328ecd41848a36802f8fa0871c,true,1.2667703368915681
09_32_0.5_red-0441,lmsys-29b5da5faac541e1a8b7d59bf4443be1,true,1.185121770702608
09_32_0.5_red-0442,lmsys-720aeeb8302346d681d3979f5f6946a0,true,1.8751246667054602
09_32_0.5_red-0443,lmsys-c5d18398af50444aada8f9cfe937d29b,true,1.183262187243031
09_32_0.5_red-0444,lmsys-0b30f7c14ea04d9295c1503257d606ad,true,1.197336761182214
09_32_0.5_red-0445,lmsys-d9fe12b8dd1a4ad5890a3ecc73149609,true,1.8912908573740879
09_32_0.5_red-0446,lmsys-7b71c74bfc2a472fa27592fccdda96ac,true,1.1853960720696932
09_32_0.5_red-0447,lmsys-96358754dd524fde9783ecf22233b956,true,1.176251212217494
09_32_0.5_red-0448,lmsys-49289f6b9e3b44038c7c34c12e73642e,true,1.9226475151446039
09_32_0.5_red-0449,lmsys-4dcf3b1221c74e9cbea2ffb5f2abd89b,true,1.1751737069009778
09_32_0.5_red-0450,lmsys-15fd9ceaf56d4c54a1aaecacf0175b60,true,1.1859814357533196
09_32_0.5_red-0451,lmsys-5044647f9add4d7892cf3790efed1704,true,1.1861133991067163
09_32_0.5_red-0452,lmsys-0b78b3f1cd9d4c6888b5c9d930e491f3,true,3.181468802024483
09_32_0.5_red-0453,lmsys-9d35ebd56474449fb36516753b1a6c36,true,2.8332737836511797
09_32_0.5_red-0454,lmsys-da6e089537fb4c6e9fc083d5d9296ca0,true,1.1804449851928212
09_32_0.5_red-0455,lmsys-2ad19b6a75da43438df6589f470b229f,true,1.1829732961907666
09_32_0.5_red-0456,lmsys-8b2905c7718d4de3bb7e8a10a44213f6,true,2.2008835473764066
09_32_0.5_red-0457,lmsys-36dfe5892168468286583482b0dc9020,true,3.4087763429897677
09_32_0.5_red-0458,lmsys-9b601693e78344d99e97250eb6aa9f57,true,3.27854352107056
09_32_0.5_red-0459,lmsys-f2c6e6eb6c1849d5a792f9c184138f8a,true,1.190408253700184
09_32_0.5_red-0460,lmsys-791da18cc32f48cb8c9a287cae81c3c3,true,1.1939360787908981
09_32_0.5_red-0461,lmsys-72411dee8fbc4949a25aa1fd3810f3a6,true,1.188678312797606
09_32_0.5_red-0462,lmsys-0c105499af6b45b68365dde12b585006,true,1.1728303213441222
09_32_0.5_red-0463,lmsys-cc7feafb42864648bddf13d0c4d24db6,true,1.6374928204609205
09_32_0.5_red-0464,lmsys-077263031c5e4bde82d8ec3dc4715301,true,1.1832650947393404
09_32_0.5_red-0465,lmsys-c3b903183eb24fc2b0c6bb5da52e3683,true,1.1840287944811507
09_32_0.5_red-0466,lmsys-9f90a61ca4624fcb9fe7e5002cb2680c,true,1.1820874527272736
09_32_0.5_red-0467,lmsys-36fa1c64fa334f58b39848516b7c946a,true,1.1887910463696016
09_32_0.5_red-0468,lmsys-7861c45658f14aad803f0f1748b372d5,true,1.1891667592573185
09_32_0.5_red-0469,lmsys-c6e61cc98bac45d9905be8e37d562183,true,1.1830936899896187
09_32_0.5_red-0470,lmsys-d5e0f9518585426c80b1cb19606895d0,true,1.305520914699855
09_32_0.5_red-0471,lmsys-92ce67e3b94d4e8888f4b9df165146af,true,1.1846518797898398
09_32_0.5_red-0472,lmsys-f1a013f72b31401f96e16ef2374c47c1,true,1.1881814007654157
09_32_0.5_red-0473,lmsys-ca2fd0d95f884ddf92913543749e992a,true,2.288001444639235
09_32_0.5_red-0474,lmsys-3873a99d865b441fab70143477c74bd5,true,1.0251841939830229
09_32_0.5_red-0475,lmsys-fd3144a1380b48eca0f8935df7d1bfa6,true,1.0190798915374444
09_32_0.5_red-0476,lmsys-599ea7dd7b584d358f5e652ff7f3d0b3,true,1.0141704493354382
09_32_0.5_red-0477,lmsys-9ac98a3ee6e54620a378b0d7a1fc9e03,true,1.0131786733535364
09_32_0.5_red-0478,lmsys-fe214b0f9d0b47b49b710fe506406540,true,1.0170261864119539
09_32_0.5_red-0479,lmsys-d8470e25c5524c98883beeeffa92d8b2,true,1.9284566937925547
09_32_0.5_red-0480,lmsys-dd1ae948775640d298b9a7a02a7fdf3f,true,1.556652656432675
09_32_0.5_red-0481,lmsys-d27a6d3d500f4388ae246de4ef6dc3bc,true,3.3073940934027632
09_32_0.5_red-0482,lmsys-efc67b083c7b455b97a9e07cfb634976,true,3.0119346813286256
09_32_0.5_red-0483,lmsys-c88af7ab38c9491a9ccf38a56f3d072e,true,2.9978474686652135
09_32_0.5_red-0484,lmsys-41fcb0467c7a41c1b12570fb556760bb,true,1.629143343290366
09_32_0.5_red-0485,lmsys-9e7f2d491c7b43ae809fcf4a24167617,true,1.0148444861171129
09_32_0.5_red-0486,lmsys-77eedc01977d4cb9b66bf14e91029fab,true,1.0168974513363764
09_32_0.5_red-0487,lmsys-20fa444e37c948e1a12b80f61dd4bdd1,true,1.0968536270659115
09_32_0.5_red-0488,lmsys-3c68df08a302429f8aa3032edc5a2dde,true,1.1883670437349565
09_32_0.5_red-0489,lmsys-e4e2d027bbb540c89b3944aa57d0b52c,true,1.1854262389239238
09_32_0.5_red-0490,lmsys-da6ad6e54c054dd2baf798c445c523b9,true,1.1830889429489844
09_32_0.5_red-0491,lmsys-fca117febd9d482a82aad85f538ed79d,true,1.1939443966280123
09_32_0.5_red-0492,lmsys-2fc6d0629942421f89f76851cbdc4917,true,1.1863138573772858
09_32_0.5_red-0493,lmsys-7398654e19204c3caa993766d99bd78e,true,1.1872672256390615
09_32_0.5_red-0494,lmsys-7f1516b131984764864680a4e4d7ab17,true,3.4799605408129537
09_32_0.5_red-0495,lmsys-4bd8ef3974dc4499a55c255e6d6d5be4,true,3.1957216102476877
09_32_0.5_red-0496,lmsys-c78a0b4bd43d4908ad0a3144ab8f10d8,true,5.357373749100816
09_32_0.5_red-0497,lmsys-ec86af4aadb94c73982104698ffb4c50,true,5.208011011426606
09_32_0.5_red-0498,lmsys-f92040b9efee406e87ef23a56e8326ce,true,3.901190762275519
09_32_0.5_red-0499,lmsys-98139478808e4454aa764d9dc56cf0d3,true,2.3354017286751514
